City_ID,City,Country,Lat,Lng,Max Temp,Humidity,Cloudiness,Wind Speed,Current Description
0,Nhulunbuy,AU,-12.23,136.77,69.8,94,99,3.36,overcast clouds
1,Riyadh,SA,24.69,46.72,95.0,15,10,5.82,clear sky
2,Yumen,CN,40.28,97.2,62.6,27,100,6.06,overcast clouds
3,Barrow,US,71.29,-156.79,37.4,93,90,14.99,mist
4,Dogondoutchi,NE,13.64,4.03,84.65,61,49,6.15,scattered clouds
5,Albany,US,42.6,-73.97,70.0,90,100,7.25,overcast clouds
6,Panzhihua,CN,26.59,101.71,71.51,69,95,0.56,overcast clouds
7,Prince Albert,CA,53.2,-105.77,53.6,93,90,9.17,light intensity shower rain
8,Angoche,MZ,-16.23,39.91,75.18,73,72,13.13,broken clouds
9,Georgetown,MY,5.41,100.34,82.4,88,20,2.24,moderate rain
10,Namwala,ZM,-15.75,26.44,72.48,35,0,9.55,clear sky
11,Yulara,AU,-25.24,130.99,59.0,30,0,8.05,clear sky
12,Rikitea,PF,-23.12,-134.97,69.82,80,64,21.72,broken clouds
13,Kedrovyy,RU,56.17,91.82,55.4,82,40,4.47,scattered clouds
14,Hove,GB,50.83,-0.17,62.6,77,20,10.29,few clouds
15,Kavaratti,IN,10.57,72.64,79.66,85,100,17.58,light rain
16,Torbay,CA,47.67,-52.73,64.99,63,75,11.41,broken clouds
17,Busselton,AU,-33.65,115.33,55.99,52,100,12.68,overcast clouds
18,Bluff,NZ,-46.6,168.33,43.61,76,88,11.21,overcast clouds
19,Leningradskiy,RU,69.38,178.42,34.68,93,100,5.17,overcast clouds
20,Mataura,NZ,-46.19,168.86,36.19,82,99,2.93,overcast clouds
21,Punta Arenas,CL,-53.15,-70.92,46.0,70,75,14.99,broken clouds
22,Skibbereen,IE,51.55,-9.27,62.6,100,90,14.99,fog
23,Westport,US,41.14,-73.36,77.0,94,90,6.93,overcast clouds
24,Gallup,US,35.53,-108.74,82.4,14,1,8.05,clear sky
25,Betare Oya,CM,5.6,14.08,70.41,90,100,1.68,light rain
26,Lagoa,PT,39.05,-27.98,73.47,78,83,4.21,broken clouds
27,Hermanus,ZA,-34.42,19.23,57.0,95,100,10.0,overcast clouds
28,Butaritari,KI,3.07,172.79,82.0,79,0,15.57,clear sky
29,Marovoay,MG,-16.1,46.63,75.2,78,20,5.82,few clouds
30,Talnakh,RU,69.49,88.4,30.2,100,40,2.17,fog
31,Sitka,US,57.05,-135.33,53.6,93,90,8.05,heavy intensity rain
32,Mahebourg,MU,-20.41,57.7,69.8,94,20,3.36,few clouds
33,Radishchevo,RU,52.85,47.88,52.45,81,0,9.57,clear sky
34,Atuona,PF,-9.8,-139.03,79.11,77,8,22.44,clear sky
35,Udachnyy,RU,66.42,112.4,46.4,93,90,13.42,light intensity shower rain
36,Esperance,AU,-33.87,121.9,42.8,93,82,12.75,broken clouds
37,Karasburg,NA,-28.02,18.75,51.58,38,0,7.29,clear sky
38,Airai,TL,-8.93,125.41,58.51,78,11,3.62,few clouds
39,Nikolskoye,RU,59.7,30.79,57.99,76,14,8.95,few clouds
40,Cap Malheureux,MU,-19.98,57.61,71.01,79,0,5.01,clear sky
41,Luderitz,NA,-26.65,15.16,57.2,58,0,13.11,clear sky
42,Jalor,IN,25.35,72.62,81.57,76,99,5.84,overcast clouds
43,Saldanha,ZA,-33.01,17.94,59.0,87,0,10.29,light rain
44,Mittersill,AT,47.27,12.48,51.01,95,100,1.59,overcast clouds
45,Bethel,US,41.37,-73.41,73.99,100,90,4.7,overcast clouds
46,Buala,SB,-8.14,159.59,80.4,80,1,6.82,light rain
47,Narsaq,GL,60.92,-46.05,59.0,24,20,3.36,few clouds
48,Navirai,BR,-23.07,-54.19,84.31,49,0,7.29,clear sky
49,Shelton,US,41.32,-73.09,75.2,94,90,6.93,light rain
50,Mehamn,NO,71.04,27.85,53.6,76,93,6.93,overcast clouds
51,Verkhnevilyuysk,RU,63.45,120.32,54.39,77,100,6.44,light rain
52,Bengkulu,ID,-3.8,102.27,76.33,91,85,8.39,moderate rain
53,Rajec,SK,49.09,18.64,54.0,87,0,2.24,clear sky
54,Guarapari,BR,-20.67,-40.5,80.01,75,0,5.01,clear sky
55,Winnemucca,US,40.97,-117.74,86.0,16,1,3.67,clear sky
56,Gazojak,TM,41.19,61.4,76.84,19,0,10.67,clear sky
57,Dyurtyuli,RU,55.49,54.87,46.89,79,0,6.29,clear sky
58,Salalah,OM,17.02,54.09,78.8,94,75,4.7,broken clouds
59,Sao Filipe,CV,14.9,-24.5,77.0,83,73,12.84,broken clouds
60,Hithadhoo,MV,-0.6,73.08,82.04,75,100,10.6,overcast clouds
61,Arraial Do Cabo,BR,-22.97,-42.03,78.8,73,20,13.87,few clouds
62,Dikson,RU,73.51,80.55,41.59,84,0,11.48,clear sky
63,Coquimbo,CL,-29.95,-71.34,60.8,55,0,12.75,clear sky
64,Acapulco,MX,16.86,-99.89,86.0,66,5,8.05,clear sky
65,Adre,TD,13.47,22.2,71.62,80,100,6.33,light rain
66,Puerto Ayora,EC,-0.74,-90.35,77.0,57,40,20.8,scattered clouds
67,Bambanglipuro,ID,-7.95,110.28,75.34,85,95,1.86,overcast clouds
68,Marmande,FR,44.5,0.17,70.0,51,0,1.01,clear sky
69,New Norfolk,AU,-42.78,147.06,50.0,71,1,1.01,clear sky
70,Carnarvon,AU,-24.87,113.63,60.8,87,0,10.29,clear sky
71,Cape Town,ZA,-33.93,18.42,60.01,93,75,24.16,moderate rain
72,Matara,LK,5.95,80.54,78.26,86,95,8.61,overcast clouds
73,Kudahuvadhoo,MV,2.67,72.89,82.47,75,100,17.07,moderate rain
74,Kalabo,ZM,-14.97,22.68,76.93,33,13,5.57,few clouds
75,Cabo San Lucas,MX,22.89,-109.91,89.6,70,20,4.7,few clouds
76,Inhambane,MZ,-23.86,35.38,66.2,72,40,4.7,scattered clouds
77,Ahipara,NZ,-35.17,173.17,52.02,75,13,16.93,few clouds
78,Qaanaaq,GL,77.48,-69.36,30.81,83,0,3.91,clear sky
79,Castro,BR,-24.79,-50.01,72.54,63,0,8.52,clear sky
80,Chokurdakh,RU,70.63,147.92,36.99,90,100,9.8,overcast clouds
81,Tautira,PF,-17.73,-149.15,80.6,69,20,2.24,few clouds
82,Ushuaia,AR,-54.8,-68.3,39.2,67,75,0.81,broken clouds
83,Blagoyevo,RU,63.37,47.92,42.1,89,0,1.01,clear sky
84,Lavrentiya,RU,65.58,-171.0,40.28,77,100,9.89,overcast clouds
85,Kapaa,US,22.08,-159.32,81.0,69,40,10.29,scattered clouds
86,Okha,RU,53.57,142.95,53.73,92,100,2.75,overcast clouds
87,Kieta,PG,-6.22,155.63,78.53,76,33,3.31,scattered clouds
88,Oktyabrskiy,RU,54.48,53.47,47.1,80,0,6.71,clear sky
89,Chuy,UY,-33.7,-53.46,57.49,97,100,17.18,moderate rain
90,Iqaluit,CA,63.75,-68.51,42.8,87,75,20.8,broken clouds
91,Port Alfred,ZA,-33.59,26.89,64.51,76,37,6.62,scattered clouds
92,Ponta Do Sol,PT,32.67,-17.1,73.0,83,40,9.17,scattered clouds
93,Ambilobe,MG,-13.2,49.05,67.41,82,3,2.33,clear sky
94,Vaitape,PF,-16.52,-151.75,78.82,76,89,19.98,overcast clouds
95,Ossora,RU,59.24,163.07,46.33,74,100,0.96,overcast clouds
96,Brae,GB,60.4,-1.35,57.2,87,100,29.97,light rain
97,Bambous Virieux,MU,-20.34,57.76,71.01,94,20,3.36,few clouds
98,Eastbourne,GB,50.77,0.28,61.0,85,100,1.99,overcast clouds
99,Maravilha,BR,-26.76,-53.17,82.99,42,78,3.87,broken clouds
100,Guerrero Negro,MX,27.98,-114.06,79.56,57,0,11.3,clear sky
101,Flinders,AU,-34.58,150.86,66.0,55,1,4.0,clear sky
102,Jamestown,US,42.1,-79.24,75.99,94,90,8.05,light rain
103,Mount Gambier,AU,-37.83,140.77,48.2,93,75,11.41,light intensity shower rain
104,Abu Dhabi,AE,24.47,54.37,93.2,67,0,5.82,clear sky
105,Hilo,US,19.73,-155.09,77.0,73,90,9.17,overcast clouds
106,Jalu,LY,29.03,21.55,90.36,17,0,8.79,clear sky
107,Lubango,AO,-14.92,13.49,63.43,45,0,3.83,clear sky
108,Barcelona,ES,41.39,2.16,75.99,60,20,10.29,few clouds
109,Mayo,US,38.89,-76.51,87.01,74,40,9.17,scattered clouds
110,Mar Del Plata,AR,-38.0,-57.56,48.99,81,90,12.75,overcast clouds
111,Pinar Del Rio,CU,22.42,-83.7,89.94,63,0,10.45,clear sky
112,Arman,RU,59.7,150.17,46.15,81,1,4.63,clear sky
113,Shingu,JP,33.73,135.98,79.45,90,89,9.98,moderate rain
114,Mikuni,JP,36.22,136.15,86.0,62,75,3.36,broken clouds
115,Havoysund,NO,71.0,24.66,59.0,76,0,6.93,clear sky
116,Singkang,MY,2.1,102.8,78.8,94,20,2.24,few clouds
117,Ambon,ID,-3.7,128.18,77.0,94,75,5.82,light rain
118,Souillac,MU,-20.52,57.52,69.8,94,20,3.36,few clouds
119,Russkaya Polyana,UA,49.42,31.92,74.55,42,1,3.65,clear sky
120,Thompson,CA,55.74,-97.86,53.6,66,90,9.17,overcast clouds
121,Aklavik,CA,68.22,-135.01,46.4,100,90,2.24,mist
122,Yellowknife,CA,62.46,-114.35,48.2,66,75,9.17,broken clouds
123,Klaksvik,FO,62.23,-6.59,51.8,100,92,14.99,moderate rain
124,Paita,PE,-5.09,-81.11,73.4,53,1,24.16,clear sky
125,La Libertad,EC,-2.23,-80.9,75.2,73,20,11.41,few clouds
126,Avarua,CK,-21.21,-159.78,77.0,83,7,12.75,clear sky
127,Chapleau,CA,47.84,-83.4,68.0,49,40,14.99,scattered clouds
128,Wanning,CN,18.8,110.4,80.55,82,63,4.88,broken clouds
129,Vanimo,PG,-2.67,141.3,76.75,83,55,4.68,broken clouds
130,Cayenne,GF,4.93,-52.33,87.8,58,0,12.75,clear sky
131,Alofi,NU,-19.06,-169.92,73.4,100,96,3.36,overcast clouds
132,Ribeira Grande,PT,38.52,-28.7,77.0,78,75,10.29,broken clouds
133,Igarka,RU,67.47,86.58,46.83,76,15,6.31,few clouds
134,Quimper,FR,48.0,-4.1,64.4,77,0,5.82,clear sky
135,Launceston,AU,-41.45,147.17,50.0,93,75,9.17,light rain
136,Opuwo,NA,-18.06,13.84,65.64,26,0,7.49,clear sky
137,Manggar,ID,-2.88,108.27,80.2,84,100,6.38,overcast clouds
138,Sakaiminato,JP,35.55,133.23,87.8,58,75,16.11,broken clouds
139,Cidreira,BR,-30.18,-50.21,65.35,78,0,25.3,clear sky
140,Goure,NE,13.98,10.27,82.0,72,13,1.01,few clouds
141,Dickinson,US,29.46,-95.05,96.01,47,40,9.17,scattered clouds
142,Luoyang,CN,34.68,112.45,73.0,99,0,2.1,clear sky
143,Rovaniemi,FI,66.5,25.72,53.6,66,0,8.05,clear sky
144,Kavieng,PG,-2.57,150.8,81.88,74,7,5.1,clear sky
145,Hobart,AU,-42.88,147.33,52.0,71,0,12.75,clear sky
146,Vaini,TO,-21.2,-175.2,71.6,94,75,3.36,broken clouds
147,Pachino,IT,36.72,15.09,80.01,81,85,5.23,overcast clouds
148,Tasiilaq,GL,65.61,-37.64,42.8,56,75,8.05,broken clouds
149,Norman Wells,CA,65.28,-126.83,51.8,93,90,11.41,light rain
150,Ada,US,43.42,-116.13,86.0,28,1,6.13,clear sky
151,Hasaki,JP,35.73,140.83,79.0,100,20,6.93,few clouds
152,Bandarbeyla,SO,9.49,50.81,77.47,78,29,26.22,scattered clouds
153,Nampa,US,43.54,-116.56,87.01,30,1,2.1,clear sky
154,Voyskovitsy,RU,59.53,29.96,57.99,76,93,8.95,overcast clouds
155,Tiksi,RU,71.69,128.87,39.31,84,0,14.03,clear sky
156,Bria,CF,6.54,21.99,67.62,97,100,2.39,overcast clouds
157,Zhezkazgan,KZ,47.8,67.71,74.55,20,0,6.67,clear sky
158,Cherskiy,RU,68.75,161.3,35.11,86,3,7.16,clear sky
159,Myitkyina,MM,25.38,97.4,76.6,79,95,0.67,overcast clouds
160,Port Elizabeth,ZA,-33.92,25.57,57.2,87,0,3.36,clear sky
161,Aden,YE,12.78,45.04,89.58,54,0,5.66,clear sky
162,Peniche,PT,39.36,-9.38,75.0,66,0,5.01,clear sky
163,Tromso,NO,69.65,18.96,55.4,66,98,18.34,overcast clouds
164,Provideniya,RU,64.38,-173.3,40.26,77,85,3.91,overcast clouds
165,Evans,US,33.53,-82.13,95.0,52,40,9.17,scattered clouds
166,El Alto,PE,-4.27,-81.21,73.4,53,2,24.16,clear sky
167,Corrente,BR,-3.74,-43.34,95.92,28,0,4.03,clear sky
168,Novovarshavka,RU,54.17,74.69,71.44,53,9,12.46,clear sky
169,Komsomolskiy,UZ,40.43,71.72,71.6,64,52,2.24,broken clouds
170,Broome,US,42.25,-75.83,73.0,94,90,12.75,overcast clouds
171,Mikhaylovsk,RU,45.13,42.03,77.0,36,100,11.18,overcast clouds
172,Chesma,RU,53.81,60.65,51.55,76,18,14.47,few clouds
173,Spasskoye,RU,44.61,132.8,65.79,97,100,7.34,light rain
174,Siverek,TR,37.76,39.32,86.0,22,36,14.99,scattered clouds
175,Den Helder,NL,52.96,4.76,61.0,72,40,1.12,scattered clouds
176,Tevriz,RU,57.51,72.4,54.86,95,100,15.57,heavy intensity rain
177,Gerash,IR,27.67,54.14,91.4,26,0,6.93,clear sky
178,Sambava,MG,-14.27,50.17,70.14,78,11,12.82,few clouds
179,Karratha,AU,-20.74,116.85,71.53,24,100,6.76,overcast clouds
180,Nome,US,64.5,-165.41,46.99,81,75,13.87,broken clouds
181,Sur,OM,22.57,59.53,83.43,60,0,9.89,clear sky
182,Chapais,CA,49.78,-74.85,57.2,93,90,3.36,light rain
183,Faanui,PF,-16.48,-151.75,77.95,78,90,20.07,overcast clouds
184,Ribeira Brava,PT,32.65,-17.07,73.0,83,40,9.17,scattered clouds
185,Hohhot,CN,40.81,111.65,46.4,81,0,2.24,clear sky
186,Sao Jose Da Coroa Grande,BR,-8.9,-35.15,74.68,83,95,14.03,light rain
187,Mae Sai,TH,20.43,99.88,77.0,100,7,4.7,clear sky
188,Rudbar,AF,30.15,62.6,76.17,18,0,9.42,clear sky
189,Otradnoye,RU,59.78,30.82,57.99,76,19,8.95,few clouds
190,Lompoc,US,34.64,-120.46,68.0,72,75,11.41,broken clouds
191,Port Lincoln,AU,-34.73,135.87,55.45,75,3,23.13,clear sky
192,Fonte Boa,BR,-2.5,-66.27,90.45,53,96,1.28,overcast clouds
193,Homer,US,59.64,-151.55,53.6,87,90,1.99,light rain
194,Tanete,ID,-3.94,119.78,76.14,85,99,5.01,heavy intensity rain
195,Fortuna,US,40.6,-124.16,62.6,82,20,6.93,few clouds
196,Shu,KZ,43.6,73.76,79.39,26,99,4.63,overcast clouds
197,Naron,ES,43.52,-8.15,66.99,82,0,9.37,clear sky
198,Ponta Delgada,PT,37.73,-25.67,77.0,69,75,11.41,broken clouds
199,Clyde River,CA,70.47,-68.59,44.6,75,75,2.24,broken clouds
200,Calama,CL,-22.47,-68.93,69.8,9,0,20.8,clear sky
201,Baykit,RU,61.67,96.37,47.34,87,36,6.98,scattered clouds
202,San Policarpo,PH,12.18,125.51,79.7,85,100,5.14,overcast clouds
203,Chumikan,RU,54.72,135.31,52.79,95,100,6.8,overcast clouds
204,East London,ZA,-33.02,27.91,66.2,72,9,8.05,clear sky
205,Isangel,VU,-19.55,169.27,66.2,72,40,18.23,scattered clouds
206,Dawei,MM,14.08,98.2,77.43,85,76,1.5,broken clouds
207,Mehran,IR,33.12,46.16,75.2,38,40,6.93,scattered clouds
208,Bredasdorp,ZA,-34.53,20.04,60.8,72,2,17.22,clear sky
209,Portland,US,45.52,-122.68,81.0,57,1,3.36,clear sky
210,North Bend,US,43.41,-124.22,80.01,82,1,11.41,clear sky
211,Bagotville,AU,-28.98,153.42,62.6,93,75,3.02,broken clouds
212,Lagos,NG,6.58,3.75,75.76,90,96,5.73,overcast clouds
213,Noumea,NC,-22.28,166.46,66.2,59,90,11.41,overcast clouds
214,Tuatapere,NZ,-46.13,167.68,40.42,80,36,5.53,scattered clouds
215,Banda Aceh,ID,5.56,95.32,80.15,72,100,6.26,overcast clouds
216,Katherine,AU,-14.47,132.27,69.8,56,6,3.44,clear sky
217,Makakilo City,US,21.35,-158.09,82.0,65,75,5.82,broken clouds
218,Kruisfontein,ZA,-34.0,24.73,54.46,55,0,4.12,clear sky
219,Saint George,US,37.1,-113.58,87.8,15,1,2.62,clear sky
220,Severo-Kurilsk,RU,50.68,156.12,54.36,77,100,10.07,overcast clouds
221,Swellendam,ZA,-34.02,20.44,60.8,72,100,16.11,overcast clouds
222,Forbes,AU,-33.38,148.02,58.44,61,10,19.22,clear sky
223,Puerto Leguizamo,CO,-0.19,-74.78,94.17,41,7,3.02,clear sky
224,Svetlogorsk,BY,52.63,29.73,71.6,73,100,11.97,overcast clouds
225,Kukushtan,RU,57.65,56.5,46.4,87,0,4.47,clear sky
226,Buchanan,LR,5.88,-10.05,78.8,88,75,4.7,broken clouds
227,Saint-Philippe,RE,-21.36,55.77,68.0,68,23,6.93,few clouds
228,Chuguyevka,RU,44.17,133.86,64.94,92,100,3.91,overcast clouds
229,Wawa,NG,9.9,4.42,74.91,92,93,1.03,overcast clouds
230,Novopokrovka,UA,49.84,36.55,77.0,27,0,8.95,clear sky
231,Beringovskiy,RU,63.05,179.32,46.65,58,0,3.42,clear sky
232,San Patricio,MX,19.22,-104.7,89.6,66,5,5.82,clear sky
233,Kaitangata,NZ,-46.28,169.85,43.0,71,93,4.0,overcast clouds
234,Marrakesh,MA,31.63,-8.01,91.4,17,20,9.17,few clouds
235,Tunceli,TR,39.11,39.55,75.2,38,40,9.17,scattered clouds
236,Iseyin,NG,7.97,3.6,73.85,91,37,5.37,moderate rain
237,Lebu,CL,-37.62,-73.65,50.7,71,16,6.91,few clouds
238,Khani,GE,41.96,42.96,75.2,94,99,3.36,overcast clouds
239,Boddam,GB,57.47,-1.78,57.99,93,90,17.22,overcast clouds
240,Sao Joao Da Barra,BR,-21.64,-41.05,80.6,57,20,8.05,few clouds
241,Mbandaka,CD,0.05,18.26,73.24,78,25,1.57,light rain
242,Falmouth,GB,50.15,-5.07,60.8,93,100,20.8,light rain
243,Gornopravdinsk,RU,60.05,69.9,48.49,92,100,12.3,light rain
244,Anadyr,RU,64.75,177.48,33.8,69,21,6.71,few clouds
245,Sovetskaya Gavan,RU,48.97,140.29,62.06,93,100,1.95,overcast clouds
246,Jeremie,HT,18.65,-74.12,85.66,71,34,2.84,light rain
247,Moron,AR,-34.65,-58.62,53.01,99,100,8.99,light rain
248,Tuktoyaktuk,CA,69.45,-133.04,46.4,100,75,2.24,mist
249,Querfurt,DE,51.38,11.6,62.01,76,97,3.58,overcast clouds
250,Dudinka,RU,69.41,86.18,30.2,100,40,9.89,fog
251,Talkha,EG,31.05,31.38,72.07,88,0,5.21,clear sky
252,Port Hardy,CA,50.7,-127.42,62.6,77,40,6.93,scattered clouds
253,Kununurra,AU,-15.77,128.73,71.6,80,48,2.37,scattered clouds
254,Ancud,CL,-41.87,-73.82,54.0,96,100,14.0,light rain
255,Moose Factory,CA,51.26,-80.61,62.6,82,90,9.17,overcast clouds
256,Tibati,CM,6.47,12.63,69.17,91,94,0.92,overcast clouds
257,Hudiksvall,SE,61.73,17.1,53.01,88,45,4.72,scattered clouds
258,Biscarrosse,FR,44.39,-1.17,68.0,52,0,8.05,clear sky
259,Litovko,RU,49.24,135.17,61.41,97,84,2.39,broken clouds
260,Inyonga,TZ,-6.72,32.07,68.79,34,0,5.82,clear sky
261,Khalkhal,IR,37.62,48.53,65.97,52,6,1.32,clear sky
262,Muros,ES,42.78,-9.06,70.0,74,0,10.0,clear sky
263,Lorengau,PG,-2.02,147.27,80.92,73,100,3.87,overcast clouds
264,Ligayan,PH,4.65,119.47,84.49,67,19,4.41,few clouds
265,Labuhan,ID,-6.88,112.21,76.39,85,95,10.29,overcast clouds
266,Kirkwood,US,38.58,-90.41,81.0,69,90,3.36,overcast clouds
267,Mackay,AU,-21.15,149.2,69.8,77,90,12.75,overcast clouds
268,Victoria,HK,22.29,114.16,86.0,74,97,7.61,light rain
269,Kalemie,CD,-5.95,29.19,73.81,55,0,2.57,clear sky
270,Pangody,RU,65.85,74.49,45.19,90,80,8.41,broken clouds
271,Bourail,NC,-21.57,165.48,60.78,74,0,6.35,clear sky
272,Namibe,AO,-15.2,12.15,62.47,82,0,3.83,clear sky
273,Innisfail,AU,-17.53,146.03,68.88,87,98,4.38,light rain
274,Parakou,BJ,9.34,2.63,72.7,95,63,2.37,broken clouds
275,Caborca,MX,30.58,-111.1,87.01,63,17,3.0,few clouds
276,Sola,VU,-13.88,167.55,80.6,74,90,11.41,overcast clouds
277,Kenai,US,60.55,-151.26,55.0,87,90,4.7,overcast clouds
278,Umm Lajj,SA,25.02,37.27,89.28,50,0,7.4,clear sky
279,Kasongo-Lunda,CD,-6.47,16.82,81.95,55,3,0.87,clear sky
280,Dongsheng,CN,39.82,109.98,55.49,50,0,3.58,clear sky
281,Seminole,US,28.71,-81.21,93.99,52,90,5.82,overcast clouds
282,Pahrump,US,36.21,-115.98,97.0,12,0,1.99,clear sky
283,Meulaboh,ID,4.14,96.13,76.93,78,100,2.89,overcast clouds
284,Priego De Cordoba,ES,37.44,-4.2,84.0,33,0,6.08,clear sky
285,Gizo,SB,-8.1,156.84,82.02,75,3,9.91,light rain
286,Zabol,AF,32.25,67.25,65.05,24,0,8.01,clear sky
287,Hamilton,US,39.18,-84.53,84.99,65,75,9.17,broken clouds
288,Chifeng,CN,42.27,118.96,56.71,71,7,9.13,clear sky
289,Upernavik,GL,72.79,-56.15,38.5,73,86,2.1,overcast clouds
290,Ust-Omchug,RU,61.15,149.63,40.42,86,100,3.31,overcast clouds
291,Samarai,PG,-10.62,150.67,77.95,88,100,19.66,moderate rain
292,Mitu,CO,1.2,-70.17,84.87,68,97,2.33,light rain
293,Takoradi,GH,4.88,-1.76,76.15,87,13,11.12,few clouds
294,Vernon,CA,50.26,-119.27,71.6,40,90,13.87,overcast clouds
295,Saskylakh,RU,71.92,114.08,40.46,87,100,7.07,overcast clouds
296,Honiara,SB,-9.43,159.95,73.4,94,40,6.38,scattered clouds
297,Korla,CN,41.76,86.15,77.0,68,16,4.0,few clouds
298,Abu Kamal,SY,34.45,40.92,93.58,11,7,7.38,clear sky
299,Popondetta,PG,-8.75,148.25,72.14,91,77,2.89,broken clouds
300,Caxito,AO,-8.58,13.66,71.6,88,20,8.05,few clouds
301,Khatanga,RU,71.97,102.5,46.42,75,100,14.05,overcast clouds
302,Soyo,AO,-6.13,12.37,72.55,84,84,10.29,broken clouds
303,Cervo,ES,43.67,-7.41,68.0,1,0,7.54,clear sky
304,Vila Franca Do Campo,PT,37.72,-25.43,77.0,69,75,11.41,broken clouds
305,Abbeville,FR,50.1,1.83,61.0,73,100,1.97,light rain
306,Umm Kaddadah,SD,13.6,26.69,79.83,63,100,10.65,overcast clouds
307,Mutis,CO,6.23,-77.4,79.97,76,100,3.49,overcast clouds
308,Ignacio Zaragoza,MX,28.38,-107.22,79.0,50,60,7.0,broken clouds
309,Bathsheba,BB,13.22,-59.52,86.0,70,40,10.29,shower rain
310,Lima,PE,-12.04,-77.03,62.6,72,90,3.36,overcast clouds
311,Atkinson,US,42.84,-71.15,69.01,94,90,4.7,light rain
312,Longyearbyen,SJ,78.22,15.64,38.34,88,100,4.05,light rain
313,Sarakhs,IR,36.54,61.16,75.2,29,0,2.24,clear sky
314,Paamiut,GL,61.99,-49.67,44.53,66,0,17.49,clear sky
315,Goroka,PG,-6.08,145.39,58.26,88,56,1.41,broken clouds
316,Kemijarvi,FI,66.71,27.43,47.97,79,0,5.46,clear sky
317,Marawi,PH,8.0,124.29,75.99,87,50,5.99,scattered clouds
318,Daru,PG,-9.08,143.21,77.34,89,100,15.23,light rain
319,Oum Hadjer,TD,13.3,19.7,74.88,84,100,12.28,moderate rain
320,Najran,SA,17.49,44.13,86.0,33,75,14.99,dust
321,Padang,ID,-0.95,100.35,77.02,81,100,4.21,light rain
322,Kommunisticheskiy,RU,61.68,64.48,43.77,79,72,7.9,broken clouds
323,Victor Harbor,AU,-35.57,138.62,55.0,80,26,3.0,scattered clouds
324,Kanchipuram,IN,12.83,79.72,82.4,83,75,5.82,mist
325,Pemangkat,ID,1.17,108.97,76.3,85,100,3.91,overcast clouds
326,Siteki,SZ,-26.45,31.95,52.25,98,7,4.9,clear sky
327,Qaqortoq,GL,60.72,-46.03,59.0,24,20,3.36,few clouds
328,Aljezur,PT,37.32,-8.8,69.01,75,0,4.45,clear sky
329,Malkapur,IN,20.88,76.2,77.9,81,100,2.26,overcast clouds
330,Bosaso,SO,11.28,49.18,91.0,49,3,9.19,clear sky
331,Bac Lieu,VN,9.29,105.72,80.6,84,100,8.99,overcast clouds
332,Bintulu,MY,3.17,113.03,75.2,100,20,2.24,few clouds
333,Siuna,NI,13.73,-84.78,85.84,68,80,3.87,light rain
334,Bubaque,GW,11.28,-15.83,79.66,83,100,20.49,light rain
335,Metro,ID,-5.11,105.31,74.5,91,100,5.35,overcast clouds
336,Ormara,PK,25.21,64.64,81.03,85,0,8.37,clear sky
337,Nuuk,GL,64.18,-51.72,45.77,59,43,4.25,scattered clouds
338,Voi,KE,-3.39,38.56,69.03,71,0,11.36,clear sky
339,Le Moule,GP,16.33,-61.35,84.2,79,9,6.93,thunderstorm
340,Okakarara,NA,-20.58,17.43,66.31,24,0,8.93,clear sky
341,Pisco,PE,-13.7,-76.22,66.2,72,0,19.46,dust
342,Manzhouli,CN,49.6,117.43,50.61,86,0,4.68,clear sky
343,Coihaique,CL,-45.58,-72.07,48.2,57,75,6.93,broken clouds
344,Abatskoye,RU,56.29,70.46,53.35,89,100,23.67,light rain
345,Geraldton,AU,-28.77,114.6,50.0,93,40,9.17,scattered clouds
346,Alcantara,BR,-2.41,-44.41,86.0,70,75,13.87,broken clouds
347,Dwarka,IN,22.24,68.97,81.27,77,65,6.93,broken clouds
348,Chicaman,GT,15.4,-90.77,77.25,48,99,5.5,overcast clouds
349,Sijunjung,ID,-0.69,100.95,73.49,89,100,1.41,overcast clouds
350,Denpasar,ID,-8.65,115.22,78.8,100,20,13.87,few clouds
351,Nova Olimpia,BR,-14.8,-57.29,102.22,13,5,5.97,clear sky
352,Walvis Bay,NA,-22.96,14.51,59.0,51,0,9.17,clear sky
353,Rohnert Park,US,38.34,-122.7,66.99,82,90,4.7,overcast clouds
354,Troitskoye,RU,52.98,84.68,65.53,70,95,8.97,overcast clouds
355,Svetlyy,RU,54.67,20.13,62.6,93,75,6.71,broken clouds
356,Vilyuysk,RU,63.76,121.62,55.78,60,100,8.99,overcast clouds
357,Lora Del Rio,ES,37.66,-5.53,89.6,18,0,2.24,clear sky
358,Seabra,BR,-12.42,-41.77,76.82,46,10,13.96,clear sky
359,Tengzhou,CN,35.08,117.15,63.12,68,0,5.41,clear sky
360,Plettenberg Bay,ZA,-34.05,23.37,60.71,45,4,5.59,clear sky
361,Penha,BR,-26.77,-48.65,70.0,83,40,10.29,scattered clouds
362,Berlevag,NO,70.86,29.09,55.4,66,100,11.41,overcast clouds
363,Skjervoy,NO,70.03,20.97,55.4,71,96,9.17,overcast clouds
364,Taguatinga,BR,-12.39,-46.57,95.97,18,0,7.27,clear sky
365,Mogadishu,SO,2.04,45.34,77.54,80,71,15.93,broken clouds
366,Monrovia,LR,6.3,-10.8,78.8,83,75,3.36,broken clouds
367,Oktyabrskoye,RU,43.06,44.74,71.6,78,100,4.47,overcast clouds
368,Sorland,NO,67.67,12.69,55.4,87,75,8.05,light rain
369,Brownwood,US,31.71,-98.99,77.0,73,90,9.17,overcast clouds
370,Carahue,CL,-38.7,-73.17,53.6,76,90,4.7,overcast clouds
371,Dingle,PH,11.0,122.67,77.0,89,76,0.65,broken clouds
372,Sistranda,NO,63.73,8.83,59.0,72,0,8.05,clear sky
373,Naze,JP,28.37,129.48,82.4,88,31,12.75,light rain
374,Bay-Khaak,RU,51.17,94.5,53.56,76,79,1.34,broken clouds
375,Rawson,AR,-43.3,-65.1,62.13,31,39,13.0,scattered clouds
376,Ghanzi,BW,-21.57,21.78,74.01,36,94,2.82,overcast clouds
377,Trinidad,BO,-14.83,-64.9,106.29,16,0,0.81,clear sky
378,La Mana,EC,-0.93,-79.22,59.0,62,75,17.22,broken clouds
379,Tupiza,BO,-21.45,-65.72,72.73,10,0,22.84,clear sky
380,Kribi,CM,2.95,9.92,76.71,88,95,9.37,overcast clouds
381,Hailar,CN,49.2,119.7,49.73,87,0,1.88,clear sky
382,Zeya,RU,53.75,127.27,48.45,92,0,3.13,clear sky
383,Aracati,BR,-4.56,-37.77,84.42,51,1,15.52,clear sky
384,Vieques,PR,18.43,-65.83,88.0,79,75,12.75,shower rain
385,Luzhou,CN,28.87,105.44,76.42,79,69,2.3,broken clouds
386,Stephenville,US,32.22,-98.2,71.6,88,90,4.7,moderate rain
387,San Vicente,AR,-26.62,-54.13,82.0,44,70,6.04,broken clouds
388,San Luis,AR,-33.3,-66.34,60.3,32,0,4.83,clear sky
389,Iracoubo,GF,5.48,-53.2,81.48,81,2,13.02,light rain
390,Kodiak,US,57.79,-152.41,53.6,81,90,4.7,moderate rain
391,Sisophon,KH,13.59,102.97,78.39,86,100,4.25,overcast clouds
392,Quballat,TN,36.54,9.66,77.0,61,75,4.7,broken clouds
393,Roald,NO,62.58,6.13,64.0,72,0,9.17,clear sky
394,Saint-Francois,FR,46.42,3.91,64.4,48,26,5.82,scattered clouds
395,Nanortalik,GL,60.14,-45.24,46.15,57,0,9.86,clear sky
396,Eyl,SO,7.98,49.82,78.66,74,0,25.28,clear sky
397,Olafsvik,IS,64.89,-23.71,47.3,76,100,26.89,overcast clouds
398,Nanton,CA,50.35,-113.77,55.99,61,100,3.0,light rain
399,Mecca,SA,21.43,39.83,93.67,29,62,5.35,light rain
400,Bonfim,BR,3.08,-59.95,89.4,58,6,7.2,light rain
401,Iskateley,RU,67.68,53.15,42.75,75,82,10.27,broken clouds
402,Codrington,AU,-38.27,141.97,47.5,91,0,13.91,clear sky
403,Sungairaya,ID,0.7,108.9,78.28,84,100,3.67,light rain
404,Coswig,DE,51.13,13.58,59.0,77,40,2.24,scattered clouds
405,Humberto De Campos,BR,-2.6,-43.46,89.74,45,42,4.99,scattered clouds
406,Damaturu,NG,11.75,11.96,77.09,84,100,0.45,light rain
407,Doka,SD,13.52,35.77,72.95,96,100,2.68,moderate rain
408,La Tuque,CA,47.43,-72.78,62.78,93,100,14.65,light rain
409,Kaoma,ZM,-14.78,24.8,72.18,33,0,7.63,clear sky
410,Sao Raimundo Das Mangabeiras,BR,-7.02,-45.48,97.34,18,0,8.95,clear sky
411,Coolum Beach,AU,-26.53,153.1,59.0,97,40,5.32,scattered clouds
412,Quatre Cocos,MU,-20.21,57.76,71.01,94,40,4.7,scattered clouds
413,High Level,CA,58.52,-117.14,55.4,66,40,5.82,scattered clouds
414,Somerset West,ZA,-34.08,18.82,57.2,100,75,23.04,moderate rain
415,Lahaina,US,20.88,-156.68,84.2,61,20,14.99,few clouds
416,Porbandar,IN,21.64,69.61,80.38,83,57,5.84,broken clouds
417,Kursenai,LT,55.98,22.92,60.8,93,90,4.7,overcast clouds
418,Bay Roberts,CA,47.6,-53.26,69.01,63,75,11.41,broken clouds
419,Maldonado,UY,-34.67,-54.92,53.6,93,90,18.34,heavy intensity rain
420,Arcata,US,40.87,-124.08,64.99,87,90,5.82,overcast clouds
421,Pochutla,MX,15.74,-96.47,91.0,55,20,9.17,few clouds
422,Henties Bay,NA,-22.12,14.28,55.0,80,0,10.83,clear sky
423,Erdenet,MN,49.03,104.08,49.96,73,2,3.87,clear sky
424,Greece,US,43.21,-77.69,78.01,94,75,13.87,moderate rain
425,Laizhou,CN,37.18,119.93,69.69,66,0,11.18,clear sky
426,Poronaysk,RU,49.22,143.12,61.97,92,77,4.61,broken clouds
427,Port Hedland,AU,-20.32,118.57,62.6,88,88,5.82,overcast clouds
428,Vila Velha,BR,-20.33,-40.29,80.01,65,40,9.17,scattered clouds
429,Espanola,US,35.99,-106.08,79.0,22,1,5.82,clear sky
430,Bondo,CD,3.81,23.69,67.05,98,95,1.66,overcast clouds
431,Sunrise Manor,US,36.21,-115.07,93.99,11,1,2.59,clear sky
432,Burnie,AU,-41.07,145.92,51.01,93,42,3.0,scattered clouds
433,Tabas,IR,33.6,56.92,80.6,13,0,4.7,clear sky
434,Grand Gaube,MU,-20.01,57.66,71.01,79,0,5.01,clear sky
435,Los Llanos De Aridane,ES,28.66,-17.92,75.2,78,20,9.17,few clouds
436,Tynda,RU,55.17,124.72,43.75,90,0,0.58,clear sky
437,San Cristobal,VE,7.77,-72.22,87.8,55,40,6.93,scattered clouds
438,Longhua,CN,23.61,114.19,79.75,75,47,2.46,scattered clouds
439,Yar-Sale,RU,66.83,70.83,42.39,91,46,9.37,scattered clouds
440,San Angelo,US,31.46,-100.44,98.11,25,0,10.67,clear sky
441,Puerto Baquerizo Moreno,EC,-0.9,-89.6,71.6,73,75,13.87,broken clouds
442,Vostok,RU,46.49,135.88,60.57,100,100,2.8,light rain
443,Broken Hill,AU,-31.95,141.43,55.4,47,37,5.82,scattered clouds
444,Vestmanna,FO,62.16,-7.17,51.8,100,78,14.99,moderate rain
445,Bloomsburg,US,41.0,-76.45,78.01,86,100,7.74,light rain
446,Prince Rupert,CA,54.32,-130.32,55.4,93,90,3.36,overcast clouds
447,Arthur,US,39.71,-88.47,80.01,75,100,4.25,overcast clouds
448,Virginia Beach,US,36.85,-75.98,91.99,55,75,3.36,broken clouds
449,Reyes,BO,-14.32,-67.38,94.8,29,1,2.51,clear sky
450,Araouane,ML,18.9,-3.53,97.74,30,3,14.88,clear sky
451,Palmerston,AU,-12.49,130.98,78.01,88,90,2.24,overcast clouds
452,Carballo,ES,43.21,-8.69,66.2,77,0,3.36,clear sky
453,Zhigansk,RU,66.77,123.37,45.25,89,80,10.22,broken clouds
454,Puerto Carreno,CO,6.19,-67.49,75.2,94,75,9.17,moderate rain
455,Pontes E Lacerda,BR,-15.23,-59.34,101.16,15,16,6.53,few clouds
456,Maamba,ZM,-17.37,27.15,69.73,47,0,2.93,clear sky
457,Mendi,PG,-6.18,143.65,53.74,98,100,2.19,overcast clouds
458,Cuiluan,CN,47.72,128.65,59.56,90,100,1.97,overcast clouds
459,Olinda,BR,-8.01,-34.86,77.0,78,75,17.22,broken clouds
460,Ouadda,CF,8.08,22.4,67.84,95,100,3.85,light rain
461,Morondava,MG,-20.28,44.28,75.72,75,0,12.33,clear sky
462,Ahuimanu,US,21.44,-157.84,82.4,51,90,12.75,overcast clouds
463,Jardim,BR,-21.48,-56.14,92.39,32,0,4.72,clear sky
464,Mao,ES,39.89,4.27,73.4,53,0,9.17,clear sky
465,Solnechnyy,RU,50.72,136.63,58.55,91,99,1.43,overcast clouds
466,Salcininkai,LT,54.3,25.38,61.0,93,40,1.12,fog
467,Hambantota,LK,6.12,81.12,75.2,100,75,4.7,broken clouds
468,Faya,SA,18.39,42.45,66.2,82,40,6.93,scattered clouds
469,Ventimiglia,IT,43.79,7.6,73.0,84,0,1.83,light rain
470,Mercedes,AR,-34.65,-59.43,52.0,72,100,4.0,light rain
471,Chegdomyn,RU,51.12,133.02,55.89,93,100,2.06,overcast clouds
472,Roma,US,43.21,-75.46,77.0,69,90,13.87,overcast clouds
473,Constitucion,CL,-35.33,-72.42,55.94,62,0,13.02,clear sky
474,Kalmar,SE,56.66,16.36,60.01,93,100,5.82,light intensity drizzle
475,Iralaya,HN,15.0,-83.23,84.2,70,90,6.93,overcast clouds
476,Fort Nelson,CA,58.81,-122.7,62.6,45,75,16.11,broken clouds
477,Alyangula,AU,-13.85,136.42,66.2,93,100,1.12,overcast clouds
478,Luxor,EG,25.7,32.64,93.2,21,0,4.7,clear sky
479,Leninsk,RU,48.71,45.2,75.2,29,0,6.71,clear sky
480,Cooma,AU,-36.23,149.13,62.6,62,9,25.28,clear sky
481,Nyurba,RU,63.28,118.33,53.46,88,100,8.21,light rain
482,Khash,IR,28.22,61.22,67.62,24,0,10.02,clear sky
483,Magistralnyy,RU,56.17,107.45,54.0,86,100,3.4,overcast clouds
484,Zhangye,CN,38.93,100.45,64.96,27,100,2.19,overcast clouds
485,San Carlos De Bariloche,AR,-41.15,-71.31,46.4,61,75,21.92,broken clouds
486,Bayan,CN,46.08,127.4,63.21,91,100,4.18,overcast clouds
487,Lipari,IT,38.47,14.95,75.99,74,100,5.01,overcast clouds
488,Krasnovishersk,RU,60.41,57.08,42.6,94,5,5.57,clear sky
489,Cotonou,BJ,6.37,2.42,78.8,88,40,11.41,scattered clouds
490,Bichura,RU,50.59,107.6,53.6,81,87,3.53,light rain
491,Farafangana,MG,-22.82,47.83,66.09,83,100,15.64,overcast clouds
492,Tekirdag,TR,40.98,27.51,71.6,88,100,12.75,light rain
493,Rach Gia,VN,10.02,105.08,83.64,78,100,11.25,overcast clouds
494,Mount Isa,AU,-20.73,139.5,53.6,50,0,3.36,clear sky
495,Ternate,ID,0.8,127.4,80.51,77,100,2.95,light rain
496,Iberia,US,29.95,-91.75,91.4,62,75,12.75,broken clouds
497,Muroto,JP,33.28,134.15,84.74,81,100,24.85,moderate rain
498,Kutum,SD,14.2,24.67,75.79,61,100,10.87,overcast clouds
499,Kaniama,CD,-7.57,24.18,75.63,46,28,3.36,scattered clouds
500,Lindi,TZ,-10.0,39.72,74.53,68,89,4.34,overcast clouds
501,Porto Novo,BJ,6.5,2.6,78.8,88,40,11.41,scattered clouds
502,Le Port,RE,-20.94,55.29,66.2,82,2,5.82,clear sky
503,Parchim,DE,53.43,11.85,61.0,86,22,1.99,few clouds
504,Port Blair,IN,11.67,92.75,82.72,79,100,11.01,overcast clouds
505,Camacha,PT,33.08,-16.33,73.4,69,20,12.75,few clouds
506,Aguimes,ES,27.91,-15.45,75.2,78,20,18.34,few clouds
507,Port Shepstone,ZA,-30.74,30.45,66.47,73,0,30.53,clear sky
508,Kahului,US,20.89,-156.47,84.2,54,40,17.22,scattered clouds
509,Dehloran,IR,32.69,47.27,97.9,12,0,10.51,clear sky
510,Maniitsoq,GL,65.42,-52.9,45.07,64,76,6.73,broken clouds
511,Tokmak,UA,47.25,35.71,75.76,38,0,0.69,clear sky
512,Rio Grande,BR,-32.03,-52.1,63.0,93,100,8.99,overcast clouds
513,Hobyo,SO,5.35,48.53,77.2,83,0,24.16,clear sky
514,Kloulklubed,PW,7.04,134.26,78.8,88,75,2.89,broken clouds
515,Ishim,RU,56.11,69.49,52.45,87,100,22.91,overcast clouds
516,Beyneu,KZ,45.32,55.2,80.49,22,0,11.27,clear sky
517,Bilibino,RU,68.05,166.44,34.61,85,66,6.08,broken clouds
518,Bashtanka,UA,47.41,32.44,78.8,47,34,4.47,scattered clouds
519,Aginskoye,RU,51.1,114.53,49.26,77,0,1.66,clear sky
520,Chodavaram,IN,17.83,82.95,80.6,94,75,4.7,mist
521,Ellsworth,US,44.54,-68.42,71.01,68,20,11.41,few clouds
522,Pangnirtung,CA,66.15,-65.71,52.38,44,5,8.7,clear sky
523,Nabire,ID,-3.37,135.48,75.36,84,100,4.21,overcast clouds
524,Quthing,LS,-30.4,27.7,58.21,63,97,3.69,light rain
525,Omis,HR,43.44,16.69,75.2,47,100,4.7,overcast clouds
526,Torbeyevo,RU,54.08,43.25,54.66,79,0,9.17,clear sky
527,Mahibadhoo,MV,3.78,72.97,81.64,79,100,19.33,moderate rain
528,Kalakamati,BW,-20.59,27.31,60.8,77,0,13.87,clear sky
529,Antsohihy,MG,-14.88,47.99,67.75,82,0,1.41,clear sky
530,Ayan,RU,56.45,138.17,52.39,92,100,5.46,light rain
531,Clinton,US,42.59,-82.92,81.0,57,75,11.41,broken clouds
532,Bokhan,RU,53.15,103.77,53.76,92,100,10.92,moderate rain
533,Shuyskoye,RU,59.37,41.03,47.12,82,0,3.44,clear sky
534,Goya,AR,-29.14,-59.26,53.96,91,100,7.09,overcast clouds
535,Andenes,NO,69.31,16.12,53.6,81,100,8.05,overcast clouds
536,Aripuana,BR,-9.17,-60.63,103.3,17,27,3.53,scattered clouds
537,Leon,MX,21.12,-101.67,71.6,64,40,6.93,scattered clouds
538,Toamasina,MG,-18.17,49.38,64.4,93,20,2.24,few clouds
539,Hay River,CA,60.82,-115.8,51.8,76,40,11.41,scattered clouds
540,Liverpool,GB,53.41,-2.98,63.0,82,75,9.17,broken clouds
541,Concordia,AR,-31.39,-58.02,54.0,100,90,13.87,light intensity drizzle
542,Tiarei,PF,-17.53,-149.33,80.6,69,20,2.24,few clouds
543,Porto Belo,BR,-27.16,-48.55,70.0,83,40,10.29,scattered clouds
544,Ixtapa,MX,20.7,-105.2,89.01,70,20,5.82,few clouds
545,Honningsvag,NO,70.98,25.97,53.6,76,45,6.93,scattered clouds
546,Hervey Bay,AU,-25.3,152.85,61.0,93,90,8.61,overcast clouds
547,Sisimiut,GL,66.94,-53.67,43.99,68,100,6.2,overcast clouds
548,Tura,IN,25.52,90.22,74.32,93,22,2.98,few clouds
549,La Macarena,CO,2.18,-73.78,89.74,48,8,4.81,clear sky
550,Maneadero,MX,31.72,-116.57,75.99,76,4,4.0,clear sky
551,Quime,BO,-16.98,-67.22,55.87,57,90,7.0,overcast clouds
552,Qixingtai,CN,30.41,111.89,75.99,75,0,2.84,clear sky
553,Saint Anthony,US,45.02,-93.22,80.01,31,1,13.87,clear sky
554,Petrolina,BR,-9.4,-40.5,87.8,33,75,14.99,broken clouds
555,Axim,GH,4.87,-2.24,75.49,89,73,10.16,broken clouds
556,Lulea,SE,65.58,22.15,57.2,82,0,9.17,clear sky
557,Gimli,CA,50.63,-96.99,66.0,100,100,8.99,overcast clouds
558,Aloleng,PH,16.13,119.78,81.97,83,100,8.19,light rain
559,Berdigestyakh,RU,62.1,126.7,45.34,88,3,3.36,clear sky
560,Laguna,US,38.42,-121.42,77.0,53,1,8.05,clear sky
561,Kamensk-Uralskiy,RU,56.42,61.93,51.31,74,100,14.83,overcast clouds
562,Sampit,ID,-2.53,112.95,74.48,97,100,1.21,light rain
563,Vallenar,CL,-28.57,-70.76,73.38,21,95,5.97,overcast clouds
564,Klyuchi,RU,52.27,79.17,71.67,45,0,10.25,clear sky
565,Cheremukhovo,RU,60.35,59.99,41.4,87,0,6.98,clear sky
566,Assiniboia,CA,49.63,-105.98,68.54,40,100,28.72,light rain
567,Chekhov,RU,55.14,37.47,60.8,72,1,6.71,clear sky
568,Lokosovo,RU,61.13,74.82,48.06,88,100,9.95,overcast clouds
569,Pervomayskoye,RU,43.92,46.71,72.25,74,74,13.58,broken clouds
570,Kurchum,KZ,48.57,83.65,65.8,41,0,4.85,clear sky
571,Velyka Pysarivka,UA,50.43,35.48,72.66,37,0,9.66,clear sky
572,Pevek,RU,69.7,170.31,35.42,91,100,5.3,overcast clouds
573,Mathbaria,BD,22.29,89.96,79.68,89,60,4.88,broken clouds
574,Kaeo,NZ,-35.1,173.78,48.99,3,0,7.0,clear sky
575,Harper,LR,4.38,-7.72,76.1,84,71,8.97,broken clouds
576,Nefteyugansk,RU,61.1,72.6,50.0,100,20,8.95,few clouds
577,Sioux Lookout,CA,50.1,-91.92,60.8,59,75,17.22,broken clouds
578,San Pedro,PH,14.35,121.02,82.4,83,100,3.36,overcast clouds
579,Yeppoon,AU,-23.13,150.73,62.6,88,90,6.93,overcast clouds
580,Oussouye,SN,12.48,-16.55,78.8,94,75,11.41,broken clouds
581,Gaogou,CN,34.02,119.19,65.95,78,0,7.47,clear sky
582,Trairi,BR,-3.28,-39.27,83.37,58,2,15.55,clear sky
583,Bagdarin,RU,54.43,113.6,43.92,89,98,1.32,overcast clouds
584,General Roca,AR,-39.03,-67.58,60.8,41,0,4.7,clear sky
585,Gazli,UZ,40.13,63.45,75.87,19,24,7.0,few clouds
586,Kungurtug,RU,50.6,97.52,47.41,82,15,2.3,few clouds
587,Codajas,BR,-3.84,-62.06,98.08,31,91,3.22,overcast clouds
588,Katsuura,JP,35.13,140.3,82.0,92,67,13.29,moderate rain
589,Boende,CD,-0.22,20.87,74.35,85,100,2.55,overcast clouds
590,San Andres,CO,12.58,-81.7,86.0,74,40,4.7,scattered clouds
591,Batagay,RU,67.63,134.63,43.92,62,47,2.51,scattered clouds
592,Yarada,IN,17.65,83.27,80.6,94,75,4.7,mist
593,Te Anau,NZ,-45.42,167.72,34.57,89,42,0.83,scattered clouds
594,Remedios,CU,22.49,-79.55,86.0,79,75,13.87,broken clouds
595,Senneterre,CA,48.38,-77.23,64.4,72,40,10.29,scattered clouds
596,Prescott,US,34.54,-112.47,84.0,18,1,4.7,clear sky
597,Boo,SE,59.33,18.28,61.0,87,75,4.7,broken clouds
598,Pontal Do Parana,BR,-25.65,-48.51,62.6,88,90,11.41,overcast clouds
599,Jutai,BR,-5.18,-68.9,88.09,59,82,1.97,light rain
600,Marzuq,YE,14.4,46.47,82.85,47,0,5.1,clear sky
601,Phuket,TH,8.0,98.25,82.99,100,75,4.7,broken clouds
602,Necochea,AR,-38.55,-58.74,48.99,83,100,3.0,overcast clouds
603,San Juan De Uraba,CO,8.76,-76.53,77.94,86,100,6.31,overcast clouds
604,Lebork,PL,54.54,17.75,60.01,93,40,4.7,scattered clouds
605,Canon City,US,38.44,-105.24,84.2,23,1,5.82,clear sky
606,Kindu,CD,-2.95,25.95,74.23,82,100,3.18,overcast clouds
607,Aswan,EG,24.09,32.91,91.35,12,0,9.37,clear sky
608,Saint-Georges,GD,12.06,-61.75,87.8,66,20,12.75,few clouds
609,Hays,US,30.05,-98.03,86.0,78,40,6.93,haze
610,Mandalgovi,MN,45.76,106.27,54.7,49,0,5.23,clear sky
611,Carutapera,BR,-1.2,-46.02,84.07,66,2,11.03,clear sky
612,Dromolaxia,CY,34.88,33.59,84.0,74,0,2.24,clear sky
613,Winsum,NL,53.33,6.52,60.01,82,0,4.7,clear sky
614,College,US,64.86,-147.8,48.99,87,75,4.7,light rain
615,Gillette,US,44.29,-105.5,84.99,12,1,17.22,clear sky
616,Kathu,TH,7.92,98.33,82.99,100,75,4.7,broken clouds
617,Pathein,MM,16.78,94.73,78.76,90,85,1.03,overcast clouds
618,El Bagre,CO,7.59,-74.81,75.33,89,100,1.19,overcast clouds
619,Kyshtovka,RU,56.55,76.63,60.13,96,100,11.14,overcast clouds
620,Matinhos,BR,-25.82,-48.54,72.0,94,98,7.23,overcast clouds
621,Atbasar,KZ,51.8,68.33,66.63,63,0,16.75,clear sky
622,Omboue,GA,-1.57,9.26,73.98,82,23,8.97,few clouds
623,Omaruru,NA,-21.43,15.93,57.51,25,0,4.97,clear sky
624,Cabedelo,BR,-6.98,-34.83,82.4,58,20,13.87,few clouds
625,Port Macquarie,AU,-31.43,152.92,51.8,100,90,4.7,overcast clouds
626,Ankazobe,MG,-18.32,47.12,57.2,82,20,9.17,few clouds
627,Tonj,SS,7.27,28.68,71.31,95,100,5.19,overcast clouds
628,Syamzha,RU,60.02,41.06,46.26,85,0,2.64,clear sky
629,Grindavik,IS,63.84,-22.43,48.2,87,75,21.92,broken clouds
630,Sucua,EC,-2.47,-78.17,69.8,73,90,8.05,overcast clouds
631,Simao,CN,22.79,100.97,67.62,74,69,0.74,broken clouds
632,Sangar,RU,63.92,127.47,45.86,94,1,3.71,clear sky
633,Kayes,ML,14.0,-11.0,80.6,94,40,4.7,scattered clouds
634,Wenling,CN,28.37,121.36,84.0,83,0,4.07,clear sky
635,Ubatuba,BR,-23.43,-45.07,82.4,42,40,6.93,scattered clouds
636,Ladario,BR,-19.0,-57.6,77.0,41,12,10.29,few clouds
637,Jiaxing,CN,30.75,120.75,79.0,99,0,8.3,clear sky
638,Shaunavon,CA,49.65,-108.42,56.08,66,100,19.48,light rain
639,Teguldet,RU,57.31,88.17,55.13,97,100,5.28,light rain
640,Guadalajara,MX,20.67,-103.33,79.0,57,40,2.46,scattered clouds
641,Saint-Lo,FR,49.12,-1.09,64.4,63,73,4.7,broken clouds
642,Awjilah,LY,29.11,21.29,90.23,17,0,8.66,clear sky
643,Mala,PE,-12.66,-76.63,65.37,64,20,7.9,few clouds
644,Tatawin,TN,32.93,10.45,89.6,33,75,11.41,broken clouds
645,Bowen,AU,-20.02,148.23,66.2,88,90,10.29,overcast clouds
646,Aksu,CN,41.12,80.26,75.83,27,53,0.76,broken clouds
647,Sri Aman,MY,1.24,111.46,75.2,94,100,0.63,light rain
648,Sumbe,AO,-11.21,13.84,70.43,89,96,7.16,moderate rain
649,Aldan,RU,58.6,125.39,44.8,75,0,6.13,clear sky
650,Kastamonu,TR,41.5,33.67,77.0,20,0,3.36,clear sky
651,Churhat,IN,24.43,81.67,74.39,92,100,3.42,overcast clouds
652,Bairiki,KI,1.33,172.98,80.6,78,40,9.17,scattered clouds
653,Port Keats,AU,-14.25,129.55,75.34,92,3,4.29,clear sky
654,Nishihara,JP,26.18,127.76,82.4,94,20,5.82,mist
655,Caravelas,BR,-17.71,-39.25,73.72,78,94,9.08,light rain
656,Halifax,CA,44.65,-63.57,64.0,77,75,13.87,broken clouds
657,Ler,SS,8.3,30.14,72.34,96,100,5.28,moderate rain
658,Mangan,IN,27.52,88.53,76.12,56,83,1.21,broken clouds
659,Hami,CN,42.8,93.45,78.1,17,0,10.13,clear sky
660,Mayfield,US,36.74,-88.64,80.6,78,40,5.03,scattered clouds
661,Saint-Leu,RE,-21.15,55.28,68.0,68,1,6.93,clear sky
662,Megion,RU,61.03,76.11,48.2,100,90,6.71,light rain
663,Xinmin,CN,41.99,122.83,69.8,73,100,8.95,overcast clouds
664,Goderich,CA,43.75,-81.72,77.0,63,0,5.01,clear sky
665,Ust-Koksa,RU,50.27,85.61,49.84,67,0,0.92,clear sky
666,Athabasca,CA,54.72,-113.29,56.52,69,66,20.71,light rain
667,Mumford,GH,5.26,-0.76,75.27,91,4,11.05,clear sky
668,Marshall,US,34.38,-86.33,87.01,58,40,9.17,scattered clouds
669,Praia Da Vitoria,PT,38.73,-27.07,77.0,78,40,5.93,scattered clouds
670,Jasdan,IN,22.03,71.2,82.99,10,93,7.25,overcast clouds
671,Freeport,US,40.66,-73.58,80.01,78,20,9.17,few clouds
672,Shanghai,CN,31.22,121.46,77.0,78,0,6.71,clear sky
673,Port Moresby,PG,-9.44,147.18,77.0,94,20,3.36,few clouds
674,Shorapur,IN,16.52,76.75,77.2,87,96,5.95,overcast clouds
675,Tonantins,BR,-2.87,-67.8,88.34,63,47,1.25,light rain
676,Ostrovnoy,RU,68.05,39.51,52.21,74,98,16.87,overcast clouds
677,Tokur,RU,53.13,132.9,51.8,96,100,1.63,light rain
678,Xining,CN,36.62,101.77,52.18,57,68,2.35,broken clouds
679,Whitehorse,CA,60.72,-135.05,54.0,58,75,9.17,broken clouds
680,Christchurch,NZ,-43.53,172.63,36.0,92,0,3.85,clear sky
681,Arkhara,RU,49.42,130.08,58.57,93,100,2.3,overcast clouds
682,Comodoro Rivadavia,AR,-45.87,-67.5,57.2,47,75,13.87,broken clouds
683,Half Moon Bay,US,37.46,-122.43,69.01,72,20,3.36,smoke
684,Kondagaon,IN,19.6,81.67,70.21,84,75,0.78,broken clouds
685,Malindi,KE,-3.22,40.12,76.37,78,0,15.08,clear sky
686,Asau,RO,46.43,26.4,64.99,88,100,4.36,light rain
687,Port-Cartier,CA,50.03,-66.87,60.01,77,75,8.05,broken clouds
688,Roebourne,AU,-20.78,117.13,72.93,24,100,8.1,overcast clouds
689,Beni Suef,EG,29.07,31.1,84.72,38,0,17.22,clear sky
690,Cockburn Town,TC,21.46,-71.14,87.8,70,20,19.46,few clouds
691,Port Augusta,AU,-32.5,137.77,51.8,57,0,8.05,clear sky
692,Fairbanks,US,64.84,-147.72,48.99,87,75,3.36,light rain
693,Atherton,GB,53.52,-2.49,60.01,93,100,3.0,overcast clouds
694,Tilichiki,RU,60.47,166.1,43.66,76,97,2.39,overcast clouds
695,Kaiyuan,CN,23.7,103.3,67.93,79,100,1.92,overcast clouds
696,Casper,US,42.87,-106.31,82.99,21,1,17.22,clear sky
697,Nemuro,JP,43.32,145.57,60.01,95,0,10.13,clear sky
698,Oyek,RU,52.59,104.46,53.6,100,75,4.47,light intensity shower rain
699,Ayr,GB,55.46,-4.63,61.0,93,75,14.99,light rain
700,Port Talbot,GB,51.59,-3.78,61.0,97,100,1.01,light rain
701,Hualmay,PE,-11.1,-77.61,65.3,65,21,15.1,few clouds
702,Fredericton,CA,45.95,-66.67,71.01,60,75,14.99,broken clouds
703,Mayor Pablo Lagerenza,PY,-19.93,-60.77,79.23,30,0,4.63,clear sky
704,Arlit,NE,18.74,7.39,100.29,20,0,3.4,clear sky
705,Natal,BR,-5.79,-35.21,82.4,65,75,17.22,broken clouds
706,Gigmoto,PH,13.78,124.39,81.64,84,100,6.42,overcast clouds
707,Sweetwater,US,25.76,-80.37,91.99,63,75,14.99,broken clouds
708,Lazaro Cardenas,MX,17.96,-102.2,84.04,69,0,6.38,clear sky
709,Jishu,CN,44.32,126.8,63.52,91,100,3.29,light rain
710,Arrecife,ES,28.96,-13.55,78.8,61,20,16.11,few clouds
711,Embu,BR,-23.65,-46.85,77.0,64,20,11.41,few clouds
